-- Crear la base de datos
CREATE DATABASE emove;

-- Conectarse a la base de datos emove
\c emove;

-- Crear un usuario y asignarle privilegios
-- CREATE USER david WITH PASSWORD '1234';
ALTER ROLE david SET client_encoding TO 'utf8';
ALTER ROLE david SET default_transaction_isolation TO 'read committed';
ALTER ROLE david SET timezone TO 'UTC';
GRANT ALL PRIVILEGES ON DATABASE emove TO david;
--
-- PostgreSQL database dump
--

-- Dumped from database version 15.6 (Debian 15.6-1.pgdg120+2)
-- Dumped by pg_dump version 15.6 (Debian 15.6-0+deb12u1)

SET statement_timeout = 0;
SET lock_timeout = 0;
SET idle_in_transaction_session_timeout = 0;
SET client_encoding = 'UTF8';
SET standard_conforming_strings = on;
SELECT pg_catalog.set_config('search_path', '', false);
SET check_function_bodies = false;
SET xmloption = content;
SET client_min_messages = warning;
SET row_security = off;

SET default_tablespace = '';

SET default_table_access_method = heap;

--
-- Name: auth_group; Type: TABLE; Schema: public; Owner: david
--

CREATE TABLE public.auth_group (
    id integer NOT NULL,
    name character varying(150) NOT NULL
);


ALTER TABLE public.auth_group OWNER TO david;

--
-- Name: auth_group_id_seq; Type: SEQUENCE; Schema: public; Owner: david
--

ALTER TABLE public.auth_group ALTER COLUMN id ADD GENERATED BY DEFAULT AS IDENTITY (
    SEQUENCE NAME public.auth_group_id_seq
    START WITH 1
    INCREMENT BY 1
    NO MINVALUE
    NO MAXVALUE
    CACHE 1
);


--
-- Name: auth_group_permissions; Type: TABLE; Schema: public; Owner: david
--

CREATE TABLE public.auth_group_permissions (
    id bigint NOT NULL,
    group_id integer NOT NULL,
    permission_id integer NOT NULL
);


ALTER TABLE public.auth_group_permissions OWNER TO david;

--
-- Name: auth_group_permissions_id_seq; Type: SEQUENCE; Schema: public; Owner: david
--

ALTER TABLE public.auth_group_permissions ALTER COLUMN id ADD GENERATED BY DEFAULT AS IDENTITY (
    SEQUENCE NAME public.auth_group_permissions_id_seq
    START WITH 1
    INCREMENT BY 1
    NO MINVALUE
    NO MAXVALUE
    CACHE 1
);


--
-- Name: auth_permission; Type: TABLE; Schema: public; Owner: david
--

CREATE TABLE public.auth_permission (
    id integer NOT NULL,
    name character varying(255) NOT NULL,
    content_type_id integer NOT NULL,
    codename character varying(100) NOT NULL
);


ALTER TABLE public.auth_permission OWNER TO david;

--
-- Name: auth_permission_id_seq; Type: SEQUENCE; Schema: public; Owner: david
--

ALTER TABLE public.auth_permission ALTER COLUMN id ADD GENERATED BY DEFAULT AS IDENTITY (
    SEQUENCE NAME public.auth_permission_id_seq
    START WITH 1
    INCREMENT BY 1
    NO MINVALUE
    NO MAXVALUE
    CACHE 1
);


--
-- Name: bikes_bikes; Type: TABLE; Schema: public; Owner: david
--

CREATE TABLE public.bikes_bikes (
    id bigint NOT NULL,
    slug character varying(200) NOT NULL,
    name_bike character varying(200) NOT NULL,
    status character varying(200) NOT NULL,
    img_bike character varying(200) NOT NULL
);


ALTER TABLE public.bikes_bikes OWNER TO david;

--
-- Name: bikes_bikes_id_seq; Type: SEQUENCE; Schema: public; Owner: david
--

ALTER TABLE public.bikes_bikes ALTER COLUMN id ADD GENERATED BY DEFAULT AS IDENTITY (
    SEQUENCE NAME public.bikes_bikes_id_seq
    START WITH 1
    INCREMENT BY 1
    NO MINVALUE
    NO MAXVALUE
    CACHE 1
);


--
-- Name: django_admin_log; Type: TABLE; Schema: public; Owner: david
--

CREATE TABLE public.django_admin_log (
    id integer NOT NULL,
    action_time timestamp with time zone NOT NULL,
    object_id text,
    object_repr character varying(200) NOT NULL,
    action_flag smallint NOT NULL,
    change_message text NOT NULL,
    content_type_id integer,
    user_id bigint NOT NULL,
    CONSTRAINT django_admin_log_action_flag_check CHECK ((action_flag >= 0))
);


ALTER TABLE public.django_admin_log OWNER TO david;

--
-- Name: django_admin_log_id_seq; Type: SEQUENCE; Schema: public; Owner: david
--

ALTER TABLE public.django_admin_log ALTER COLUMN id ADD GENERATED BY DEFAULT AS IDENTITY (
    SEQUENCE NAME public.django_admin_log_id_seq
    START WITH 1
    INCREMENT BY 1
    NO MINVALUE
    NO MAXVALUE
    CACHE 1
);


--
-- Name: django_content_type; Type: TABLE; Schema: public; Owner: david
--

CREATE TABLE public.django_content_type (
    id integer NOT NULL,
    app_label character varying(100) NOT NULL,
    model character varying(100) NOT NULL
);


ALTER TABLE public.django_content_type OWNER TO david;

--
-- Name: django_content_type_id_seq; Type: SEQUENCE; Schema: public; Owner: david
--

ALTER TABLE public.django_content_type ALTER COLUMN id ADD GENERATED BY DEFAULT AS IDENTITY (
    SEQUENCE NAME public.django_content_type_id_seq
    START WITH 1
    INCREMENT BY 1
    NO MINVALUE
    NO MAXVALUE
    CACHE 1
);


--
-- Name: django_migrations; Type: TABLE; Schema: public; Owner: david
--

CREATE TABLE public.django_migrations (
    id bigint NOT NULL,
    app character varying(255) NOT NULL,
    name character varying(255) NOT NULL,
    applied timestamp with time zone NOT NULL
);


ALTER TABLE public.django_migrations OWNER TO david;

--
-- Name: django_migrations_id_seq; Type: SEQUENCE; Schema: public; Owner: david
--

ALTER TABLE public.django_migrations ALTER COLUMN id ADD GENERATED BY DEFAULT AS IDENTITY (
    SEQUENCE NAME public.django_migrations_id_seq
    START WITH 1
    INCREMENT BY 1
    NO MINVALUE
    NO MAXVALUE
    CACHE 1
);


--
-- Name: django_session; Type: TABLE; Schema: public; Owner: david
--

CREATE TABLE public.django_session (
    session_key character varying(40) NOT NULL,
    session_data text NOT NULL,
    expire_date timestamp with time zone NOT NULL
);


ALTER TABLE public.django_session OWNER TO david;

--
-- Name: incidents_incidenceslot; Type: TABLE; Schema: public; Owner: david
--

CREATE TABLE public.incidents_incidenceslot (
    id bigint NOT NULL,
    title character varying(25) NOT NULL,
    status character varying(100) NOT NULL,
    "desc" character varying(300) NOT NULL,
    slot_id bigint NOT NULL,
    user_id bigint NOT NULL
);


ALTER TABLE public.incidents_incidenceslot OWNER TO david;

--
-- Name: incidents_incidenceslot_id_seq; Type: SEQUENCE; Schema: public; Owner: david
--

ALTER TABLE public.incidents_incidenceslot ALTER COLUMN id ADD GENERATED BY DEFAULT AS IDENTITY (
    SEQUENCE NAME public.incidents_incidenceslot_id_seq
    START WITH 1
    INCREMENT BY 1
    NO MINVALUE
    NO MAXVALUE
    CACHE 1
);


--
-- Name: incidents_notification; Type: TABLE; Schema: public; Owner: david
--

CREATE TABLE public.incidents_notification (
    id bigint NOT NULL,
    seen boolean NOT NULL,
    "desc" character varying(300) NOT NULL,
    user_id bigint NOT NULL
);


ALTER TABLE public.incidents_notification OWNER TO david;

--
-- Name: incidents_notification_id_seq; Type: SEQUENCE; Schema: public; Owner: david
--

ALTER TABLE public.incidents_notification ALTER COLUMN id ADD GENERATED BY DEFAULT AS IDENTITY (
    SEQUENCE NAME public.incidents_notification_id_seq
    START WITH 1
    INCREMENT BY 1
    NO MINVALUE
    NO MAXVALUE
    CACHE 1
);


--
-- Name: rent_rent; Type: TABLE; Schema: public; Owner: david
--

CREATE TABLE public.rent_rent (
    id bigint NOT NULL,
    initial_date timestamp with time zone NOT NULL,
    end_date timestamp with time zone,
    bike_id bigint NOT NULL,
    end_slot_id bigint,
    initial_slot_id bigint NOT NULL,
    user_id bigint NOT NULL
);


ALTER TABLE public.rent_rent OWNER TO david;

--
-- Name: rent_rent_id_seq; Type: SEQUENCE; Schema: public; Owner: david
--

ALTER TABLE public.rent_rent ALTER COLUMN id ADD GENERATED BY DEFAULT AS IDENTITY (
    SEQUENCE NAME public.rent_rent_id_seq
    START WITH 1
    INCREMENT BY 1
    NO MINVALUE
    NO MAXVALUE
    CACHE 1
);


--
-- Name: slots_slots; Type: TABLE; Schema: public; Owner: david
--

CREATE TABLE public.slots_slots (
    id bigint NOT NULL,
    status character varying(100) NOT NULL,
    slot_num integer NOT NULL,
    bike_id bigint,
    station_id bigint NOT NULL
);


ALTER TABLE public.slots_slots OWNER TO david;

--
-- Name: slots_slots_id_seq; Type: SEQUENCE; Schema: public; Owner: david
--

ALTER TABLE public.slots_slots ALTER COLUMN id ADD GENERATED BY DEFAULT AS IDENTITY (
    SEQUENCE NAME public.slots_slots_id_seq
    START WITH 1
    INCREMENT BY 1
    NO MINVALUE
    NO MAXVALUE
    CACHE 1
);


--
-- Name: stations_stations; Type: TABLE; Schema: public; Owner: david
--

CREATE TABLE public.stations_stations (
    id bigint NOT NULL,
    slug character varying(100) NOT NULL,
    name character varying(100) NOT NULL,
    num_bikes integer NOT NULL,
    latitude numeric(9,6) NOT NULL,
    longitude numeric(9,6) NOT NULL,
    status character varying(100) NOT NULL,
    img_st character varying(100) NOT NULL
);


ALTER TABLE public.stations_stations OWNER TO david;

--
-- Name: stations_stations_id_seq; Type: SEQUENCE; Schema: public; Owner: david
--

ALTER TABLE public.stations_stations ALTER COLUMN id ADD GENERATED BY DEFAULT AS IDENTITY (
    SEQUENCE NAME public.stations_stations_id_seq
    START WITH 1
    INCREMENT BY 1
    NO MINVALUE
    NO MAXVALUE
    CACHE 1
);


--
-- Name: users_profile; Type: TABLE; Schema: public; Owner: david
--

CREATE TABLE public.users_profile (
    id bigint NOT NULL,
    name character varying(100) NOT NULL,
    lastsnames character varying(100) NOT NULL,
    image character varying(100) NOT NULL,
    user_id bigint NOT NULL
);


ALTER TABLE public.users_profile OWNER TO david;

--
-- Name: users_profile_id_seq; Type: SEQUENCE; Schema: public; Owner: david
--

ALTER TABLE public.users_profile ALTER COLUMN id ADD GENERATED BY DEFAULT AS IDENTITY (
    SEQUENCE NAME public.users_profile_id_seq
    START WITH 1
    INCREMENT BY 1
    NO MINVALUE
    NO MAXVALUE
    CACHE 1
);


--
-- Name: users_users; Type: TABLE; Schema: public; Owner: david
--

CREATE TABLE public.users_users (
    id bigint NOT NULL,
    password character varying(128) NOT NULL,
    last_login timestamp with time zone,
    is_superuser boolean NOT NULL,
    uuid character varying(36) NOT NULL,
    username character varying(30) NOT NULL,
    email character varying(254) NOT NULL,
    type character varying(10) NOT NULL
);


ALTER TABLE public.users_users OWNER TO david;

--
-- Name: users_users_groups; Type: TABLE; Schema: public; Owner: david
--

CREATE TABLE public.users_users_groups (
    id bigint NOT NULL,
    users_id bigint NOT NULL,
    group_id integer NOT NULL
);


ALTER TABLE public.users_users_groups OWNER TO david;

--
-- Name: users_users_groups_id_seq; Type: SEQUENCE; Schema: public; Owner: david
--

ALTER TABLE public.users_users_groups ALTER COLUMN id ADD GENERATED BY DEFAULT AS IDENTITY (
    SEQUENCE NAME public.users_users_groups_id_seq
    START WITH 1
    INCREMENT BY 1
    NO MINVALUE
    NO MAXVALUE
    CACHE 1
);


--
-- Name: users_users_id_seq; Type: SEQUENCE; Schema: public; Owner: david
--

ALTER TABLE public.users_users ALTER COLUMN id ADD GENERATED BY DEFAULT AS IDENTITY (
    SEQUENCE NAME public.users_users_id_seq
    START WITH 1
    INCREMENT BY 1
    NO MINVALUE
    NO MAXVALUE
    CACHE 1
);


--
-- Name: users_users_user_permissions; Type: TABLE; Schema: public; Owner: david
--

CREATE TABLE public.users_users_user_permissions (
    id bigint NOT NULL,
    users_id bigint NOT NULL,
    permission_id integer NOT NULL
);


ALTER TABLE public.users_users_user_permissions OWNER TO david;

--
-- Name: users_users_user_permissions_id_seq; Type: SEQUENCE; Schema: public; Owner: david
--

ALTER TABLE public.users_users_user_permissions ALTER COLUMN id ADD GENERATED BY DEFAULT AS IDENTITY (
    SEQUENCE NAME public.users_users_user_permissions_id_seq
    START WITH 1
    INCREMENT BY 1
    NO MINVALUE
    NO MAXVALUE
    CACHE 1
);


--
-- Data for Name: auth_group; Type: TABLE DATA; Schema: public; Owner: david
--

COPY public.auth_group (id, name) FROM stdin;
\.


--
-- Data for Name: auth_group_permissions; Type: TABLE DATA; Schema: public; Owner: david
--

COPY public.auth_group_permissions (id, group_id, permission_id) FROM stdin;
\.


--
-- Data for Name: auth_permission; Type: TABLE DATA; Schema: public; Owner: david
--

COPY public.auth_permission (id, name, content_type_id, codename) FROM stdin;
1	Can add log entry	1	add_logentry
2	Can change log entry	1	change_logentry
3	Can delete log entry	1	delete_logentry
4	Can view log entry	1	view_logentry
5	Can add permission	2	add_permission
6	Can change permission	2	change_permission
7	Can delete permission	2	delete_permission
8	Can view permission	2	view_permission
9	Can add group	3	add_group
10	Can change group	3	change_group
11	Can delete group	3	delete_group
12	Can view group	3	view_group
13	Can add content type	4	add_contenttype
14	Can change content type	4	change_contenttype
15	Can delete content type	4	delete_contenttype
16	Can view content type	4	view_contenttype
17	Can add session	5	add_session
18	Can change session	5	change_session
19	Can delete session	5	delete_session
20	Can view session	5	view_session
21	Can add stations	6	add_stations
22	Can change stations	6	change_stations
23	Can delete stations	6	delete_stations
24	Can view stations	6	view_stations
25	Can add bikes	7	add_bikes
26	Can change bikes	7	change_bikes
27	Can delete bikes	7	delete_bikes
28	Can view bikes	7	view_bikes
29	Can add slots	8	add_slots
30	Can change slots	8	change_slots
31	Can delete slots	8	delete_slots
32	Can view slots	8	view_slots
33	Can add users	9	add_users
34	Can change users	9	change_users
35	Can delete users	9	delete_users
36	Can view users	9	view_users
37	Can add profile	10	add_profile
38	Can change profile	10	change_profile
39	Can delete profile	10	delete_profile
40	Can view profile	10	view_profile
41	Can add rent	11	add_rent
42	Can change rent	11	change_rent
43	Can delete rent	11	delete_rent
44	Can view rent	11	view_rent
67	Can add incidence slot	34	add_incidenceslot
68	Can change incidence slot	34	change_incidenceslot
69	Can delete incidence slot	34	delete_incidenceslot
70	Can view incidence slot	34	view_incidenceslot
71	Can add notification	35	add_notification
72	Can change notification	35	change_notification
73	Can delete notification	35	delete_notification
74	Can view notification	35	view_notification
\.


--
-- Data for Name: bikes_bikes; Type: TABLE DATA; Schema: public; Owner: david
--

COPY public.bikes_bikes (id, slug, name_bike, status, img_bike) FROM stdin;
14	ont_00004-huh2d4	Ont_00004	in_use	https://loclar.es/media/post/2023/12/20231204_143411.jpg
16	ont_00006-77jk3c	Ont_00006	in_use	https://loclar.es/media/post/2023/12/20231204_143411.jpg
17	ont_00007-gkigqu	Ont_00007	in_use	https://loclar.es/media/post/2023/12/20231204_143411.jpg
18	ont_00008-2dxw9g	Ont_00008	in_use	https://loclar.es/media/post/2023/12/20231204_143411.jpg
19	ont_00009-oq4us6	Ont_00009	in_use	https://loclar.es/media/post/2023/12/20231204_143411.jpg
20	ont_00010-8ubm3m	Ont_00010	in_use	https://loclar.es/media/post/2023/12/20231204_143411.jpg
21	ont_00011-a223a7	Ont_00011	in_use	https://loclar.es/media/post/2023/12/20231204_143411.jpg
22	ont_00012-kkm643	Ont_00012	in_use	https://loclar.es/media/post/2023/12/20231204_143411.jpg
23	ont_00013-vr0kxs	Ont_00013	in_use	https://loclar.es/media/post/2023/12/20231204_143411.jpg
24	ont_00014-k4z511	Ont_00014	in_use	https://loclar.es/media/post/2023/12/20231204_143411.jpg
25	ont_00015-91dh7e	Ont_00015	in_use	https://loclar.es/media/post/2023/12/20231204_143411.jpg
26	ont_00016-v8n7dm	Ont_00016	in_use	https://loclar.es/media/post/2023/12/20231204_143411.jpg
27	ont_00017-vc52cr	Ont_00017	in_use	https://loclar.es/media/post/2023/12/20231204_143411.jpg
28	ont_00018-zfztw8	Ont_00018	in_use	https://loclar.es/media/post/2023/12/20231204_143411.jpg
29	ont_00019-veurpl	Ont_00019	in_use	https://loclar.es/media/post/2023/12/20231204_143411.jpg
30	ont_00020-9z1owl	Ont_00020	in_use	https://loclar.es/media/post/2023/12/20231204_143411.jpg
31	ont_00021-cz1ugp	Ont_00021	in_use	https://loclar.es/media/post/2023/12/20231204_143411.jpg
32	ont_00022-yv709f	Ont_00022	in_use	https://loclar.es/media/post/2023/12/20231204_143411.jpg
33	ont_00023-etjogu	Ont_00023	in_use	https://loclar.es/media/post/2023/12/20231204_143411.jpg
34	ont_00024-4k0zit	Ont_00024	in_use	https://loclar.es/media/post/2023/12/20231204_143411.jpg
35	ont_00025-s5sda2	Ont_00025	in_use	https://loclar.es/media/post/2023/12/20231204_143411.jpg
36	ont_00026-352q44	Ont_00026	in_use	https://loclar.es/media/post/2023/12/20231204_143411.jpg
37	ont_00027-fqnscw	Ont_00027	in_use	https://loclar.es/media/post/2023/12/20231204_143411.jpg
38	ont_00028-f90r0t	Ont_00028	in_use	https://loclar.es/media/post/2023/12/20231204_143411.jpg
39	ont_00029-6egi8m	Ont_00029	in_use	https://loclar.es/media/post/2023/12/20231204_143411.jpg
40	ont_00030-rjedma	Ont_00030	in_use	https://loclar.es/media/post/2023/12/20231204_143411.jpg
41	ont_00031-jla6x8	Ont_00031	in_use	https://loclar.es/media/post/2023/12/20231204_143411.jpg
42	ont_00032-863iqx	Ont_00032	in_use	https://loclar.es/media/post/2023/12/20231204_143411.jpg
43	ont_00033-zn3sux	Ont_00033	in_use	https://loclar.es/media/post/2023/12/20231204_143411.jpg
44	ont_00034-rdwb01	Ont_00034	in_use	https://loclar.es/media/post/2023/12/20231204_143411.jpg
45	ont_00035-qzgqkr	Ont_00035	in_use	https://loclar.es/media/post/2023/12/20231204_143411.jpg
46	ont_00036-vyz610	Ont_00036	in_use	https://loclar.es/media/post/2023/12/20231204_143411.jpg
47	ont_00037-17rutt	Ont_00037	in_use	https://loclar.es/media/post/2023/12/20231204_143411.jpg
48	ont_00038-vx4sw1	Ont_00038	in_use	https://loclar.es/media/post/2023/12/20231204_143411.jpg
49	ont_00039-wr5uqm	Ont_00039	in_use	https://loclar.es/media/post/2023/12/20231204_143411.jpg
50	ont_00040-srkrcy	Ont_00040	in_use	https://loclar.es/media/post/2023/12/20231204_143411.jpg
12	ont_00002-t64tyz	Ont_00002	vacant	https://loclar.es/media/post/2023/12/20231204_143411.jpg
11	ont_00001-11s6vm	Ont_00001	in_use	https://loclar.es/media/post/2023/12/20231204_143411.jpg
15	ont_00005-xddj5t	Ont_00005	in_use	https://loclar.es/media/post/2023/12/20231204_143411.jpg
\.


--
-- Data for Name: django_admin_log; Type: TABLE DATA; Schema: public; Owner: david
--

COPY public.django_admin_log (id, action_time, object_id, object_repr, action_flag, change_message, content_type_id, user_id) FROM stdin;
\.


--
-- Data for Name: django_content_type; Type: TABLE DATA; Schema: public; Owner: david
--

COPY public.django_content_type (id, app_label, model) FROM stdin;
1	admin	logentry
2	auth	permission
3	auth	group
4	contenttypes	contenttype
5	sessions	session
6	stations	stations
7	bikes	bikes
8	slots	slots
9	users	users
10	users	profile
11	rent	rent
34	incidents	incidenceslot
35	incidents	notification
\.


--
-- Data for Name: django_migrations; Type: TABLE DATA; Schema: public; Owner: david
--

COPY public.django_migrations (id, app, name, applied) FROM stdin;
1	contenttypes	0001_initial	2024-02-18 23:00:57.605269+00
2	contenttypes	0002_remove_content_type_name	2024-02-18 23:00:57.61647+00
3	auth	0001_initial	2024-02-18 23:00:57.711629+00
4	auth	0002_alter_permission_name_max_length	2024-02-18 23:00:57.721072+00
5	auth	0003_alter_user_email_max_length	2024-02-18 23:00:57.729817+00
6	auth	0004_alter_user_username_opts	2024-02-18 23:00:57.738281+00
7	auth	0005_alter_user_last_login_null	2024-02-18 23:00:57.748297+00
8	auth	0006_require_contenttypes_0002	2024-02-18 23:00:57.752871+00
9	auth	0007_alter_validators_add_error_messages	2024-02-18 23:00:57.76373+00
10	auth	0008_alter_user_username_max_length	2024-02-18 23:00:57.772066+00
11	auth	0009_alter_user_last_name_max_length	2024-02-18 23:00:57.784987+00
12	auth	0010_alter_group_name_max_length	2024-02-18 23:00:57.798181+00
13	auth	0011_update_proxy_permissions	2024-02-18 23:00:57.807084+00
14	auth	0012_alter_user_first_name_max_length	2024-02-18 23:00:57.8219+00
15	users	0001_initial	2024-02-18 23:00:57.958054+00
16	admin	0001_initial	2024-02-18 23:00:58.007389+00
17	admin	0002_logentry_remove_auto_add	2024-02-18 23:00:58.025666+00
18	admin	0003_logentry_add_action_flag_choices	2024-02-18 23:00:58.046501+00
19	bikes	0001_initial	2024-02-18 23:00:58.085687+00
20	stations	0001_initial	2024-02-18 23:00:58.114218+00
21	slots	0001_initial	2024-02-18 23:00:58.15284+00
22	rent	0001_initial	2024-02-18 23:00:58.213816+00
23	rent	0002_initial	2024-02-18 23:00:58.291097+00
24	sessions	0001_initial	2024-02-18 23:00:58.332106+00
34	incidents	0001_initial	2024-02-22 16:53:48.425692+00
35	incidents	0002_initial	2024-02-22 16:53:48.470854+00
\.


--
-- Data for Name: django_session; Type: TABLE DATA; Schema: public; Owner: david
--

COPY public.django_session (session_key, session_data, expire_date) FROM stdin;
\.


--
-- Data for Name: incidents_incidenceslot; Type: TABLE DATA; Schema: public; Owner: david
--

COPY public.incidents_incidenceslot (id, title, status, "desc", slot_id, user_id) FROM stdin;
1	Qr	in_progress	No funciona el qr, esta roto\n	4	46
\.


--
-- Data for Name: incidents_notification; Type: TABLE DATA; Schema: public; Owner: david
--

COPY public.incidents_notification (id, seen, "desc", user_id) FROM stdin;
1	t	Your slot incidence: Qr, is in progress.	46
\.


--
-- Data for Name: rent_rent; Type: TABLE DATA; Schema: public; Owner: david
--

COPY public.rent_rent (id, initial_date, end_date, bike_id, end_slot_id, initial_slot_id, user_id) FROM stdin;
1	2024-02-08 18:58:08.688175+00	\N	11	\N	4	1
2	2024-02-14 08:02:53.586075+00	\N	15	\N	8	6
\.


--
-- Data for Name: slots_slots; Type: TABLE DATA; Schema: public; Owner: david
--

COPY public.slots_slots (id, status, slot_num, bike_id, station_id) FROM stdin;
30	vacant	2	\N	51
32	vacant	1	\N	52
35	vacant	4	\N	52
37	vacant	3	\N	53
39	vacant	1	\N	53
41	vacant	2	\N	54
42	vacant	3	\N	54
44	vacant	4	\N	55
46	vacant	2	\N	55
47	vacant	1	\N	55
49	vacant	2	\N	56
51	vacant	4	\N	56
53	vacant	3	\N	57
54	vacant	2	\N	57
55	vacant	1	\N	57
56	vacant	1	\N	58
57	vacant	2	\N	58
59	vacant	4	\N	58
60	vacant	4	\N	59
61	vacant	3	\N	59
63	vacant	1	\N	59
64	vacant	5	\N	46
65	vacant	6	\N	46
67	vacant	8	\N	46
7	in_use	1	14	46
9	in_use	2	16	46
10	in_use	3	17	46
11	in_use	4	18	46
12	in_use	1	19	47
13	in_use	2	20	47
14	in_use	3	21	47
15	in_use	4	22	47
16	in_use	1	23	48
17	in_use	2	24	48
18	in_use	3	25	48
19	in_use	4	26	48
20	in_use	4	27	49
21	in_use	3	28	49
22	in_use	2	29	49
23	in_use	1	30	49
24	in_use	1	31	50
25	in_use	2	32	50
26	in_use	3	33	50
27	in_use	4	34	50
28	in_use	4	35	51
29	in_use	3	36	51
31	in_use	1	37	51
33	in_use	2	38	52
34	in_use	3	39	52
36	in_use	4	40	53
38	in_use	2	41	53
40	in_use	1	42	54
43	in_use	4	43	54
45	in_use	3	44	55
48	in_use	1	45	56
50	in_use	3	46	56
52	in_use	4	47	57
58	in_use	3	50	58
62	in_use	2	49	59
66	in_use	7	48	46
4	vacant	2	\N	32
1	in_use	1	12	32
8	vacant	3	\N	32
6	vacant	4	\N	32
\.


--
-- Data for Name: stations_stations; Type: TABLE DATA; Schema: public; Owner: david
--

COPY public.stations_stations (id, slug, name, num_bikes, latitude, longitude, status, img_st) FROM stdin;
51	hospital-general-8ukdiy	Hospital General	0	38.820529	-0.602797	available	https://imatges.vilaweb.cat/ontinyent/wp-content/uploads/2022/05/ontibici-17111546-720x480.jpg
52	sant-antoni-oyg3dw	Sant Antoni	1	38.819733	-0.604406	available	https://imatges.vilaweb.cat/ontinyent/wp-content/uploads/2022/05/ontibici-17111546-720x480.jpg
53	camp-de-futbol-fhhhg3	Camp de Futbol	0	38.826238	-0.591610	available	https://imatges.vilaweb.cat/ontinyent/wp-content/uploads/2022/05/ontibici-17111546-720x480.jpg
54	pio-xii-83jy74	Pio XII	2	38.823929	-0.600964	available	https://imatges.vilaweb.cat/ontinyent/wp-content/uploads/2022/05/ontibici-17111546-720x480.jpg
55	salvador-tormo-mk3lio	Salvador Tormo	0	38.822576	-0.603665	available	https://imatges.vilaweb.cat/ontinyent/wp-content/uploads/2022/05/ontibici-17111546-720x480.jpg
56	placa-la-concepcio-n4yerz	Plaça la Concepcio	0	38.825892	-0.603045	available	https://imatges.vilaweb.cat/ontinyent/wp-content/uploads/2022/05/ontibici-17111546-720x480.jpg
57	sant-domingo-9gr5hj	Sant Domingo	0	38.822400	-0.606425	available	https://imatges.vilaweb.cat/ontinyent/wp-content/uploads/2022/05/ontibici-17111546-720x480.jpg
47	estacio-0b5chm	Estació	9	38.809718	-0.602342	available	https://imatges.vilaweb.cat/ontinyent/wp-content/uploads/2022/05/ontibici-17111546-720x480.jpg
58	placa-coronacio-kmrg2i	Plaça Coronacio	4	38.819808	-0.608397	available	https://imatges.vilaweb.cat/ontinyent/wp-content/uploads/2022/05/ontibici-17111546-720x480.jpg
59	centre-civic-tkmxho	Centre civic	6	38.818710	-0.611098	available	https://imatges.vilaweb.cat/ontinyent/wp-content/uploads/2022/05/ontibici-17111546-720x480.jpg
48	hospital-lb8alo	Hospital	1	38.809686	-0.607721	available	https://imatges.vilaweb.cat/ontinyent/wp-content/uploads/2022/05/ontibici-17111546-720x480.jpg
49	montllor-zyz1hs	Montllor	1	38.818133	-0.604045	available	https://imatges.vilaweb.cat/ontinyent/wp-content/uploads/2022/05/ontibici-17111546-720x480.jpg
46	polideportivo-v4ic3p	Polideportivo	1	38.813506	-0.610555	available	https://imatges.vilaweb.cat/ontinyent/wp-content/uploads/2022/05/ontibici-17111546-720x480.jpg
32	jaume-i-76a5v8	Jaume I	2	38.823147	-0.598986	available	https://imatges.vilaweb.cat/ontinyent/wp-content/uploads/2022/05/ontibici-17111546-720x480.jpg
50	almaig-jp8piq	Almaig 2	4	38.819365	-0.601274	mantenence	https://imatges.vilaweb.cat/ontinyent/wp-content/uploads/2022/05/ontibici-17111546-720x480.jpg
\.


--
-- Data for Name: users_profile; Type: TABLE DATA; Schema: public; Owner: david
--

COPY public.users_profile (id, name, lastsnames, image, user_id) FROM stdin;
\.


--
-- Data for Name: users_users; Type: TABLE DATA; Schema: public; Owner: david
--

COPY public.users_users (id, password, last_login, is_superuser, uuid, username, email, type) FROM stdin;
1	pbkdf2_sha256$720000$qAB1uRfXVHBy40m8KhiGU4$wdgT7qF4D6F03qsQ/bVyJRuYHNpoEAr/wH+og1zQk40=	\N	f	96ae4342-4e83-7a06-6ddd-9b17f19d72e5	Kevin	kevin@gmail.com	client
2	pbkdf2_sha256$720000$QOyxd8SlPQfNfosOelzMw9$e/lPukrUqlWeMVZy8FRcUKtrrpZ5VpLlujYawnhj9LM=	\N	f	67e7b980-6ae3-782a-4e36-f9fea42596f9	Guillem	guillem@gmail.com	client
32	pbkdf2_sha256$720000$kSWdlwnJduseqqEP7rgn0l$+mhanoy/F4aAa/vgD0spqWW7P9pVKSTv005u916fs6E=	\N	f	933b1306-5df2-f0e7-9d5d-698aedd35661	David3	david3@gmial.com	client
34	pbkdf2_sha256$720000$99DD5fvm5d97Xt7TljpO1O$og1/tTH/ByljQtYh0MI1fTNRlmTHsVaudo0DPWbRsTc=	\N	f	3abc7b76-745f-bb68-b118-bd4a486a9907	David4	david4@gmail.com	client
36	pbkdf2_sha256$720000$318q1x2GyOV09RGT1pwx3m$BM3pV/Q6VIlhQ3O54aehotfE2kttzxwsaBWrCOs2OjA=	\N	f	6a80a454-94c6-6ff2-c574-b084cedcf86f	David5	david5@gmial.com	client
4	pbkdf2_sha256$720000$jTWS8WT1b6VzPdyIq8F9dQ$a4PKh24EPasj2wPThJK8mY9e+yajMX9JhqvGxPlLtA0=	\N	t	56b83670-4d3b-e1fd-0feb-c544a4db0d32	David	david@gmail.com	admin
6	pbkdf2_sha256$720000$YWqCsziZBpkr0r30AXcOl3$dNTY+PvInq5HdZ0GePk5YTIDBpkuk39HKhk1o87vssQ=	\N	f	a39eb52d-ce99-b0c9-c424-4fd4d887e575	Johan	johan@gmail.com	client
7	pbkdf2_sha256$720000$dfM6NOaTVIodIkzY2d1SQW$SZC49Nf5Gd33Ht/QN1Z8GHP+GtpAMeA37gkNUXnrcSs=	\N	f	2fd60ff2-da1f-aed9-b224-bbf3aee99c0e	Miguel	miguel@gmail.com	client
9	pbkdf2_sha256$720000$bcN8GFjX7t48jG60Wzy6FF$KnL43wk7/AFWJQmAxNh7PVTPA8jtY5QKQbqaljpxywo=	\N	f	62e0b04e-c08f-5ea9-e089-a44b13bc7b4a	Yolanda	yomo@gmail.com	client
11	pbkdf2_sha256$720000$uR70Wsw2rewfnCJRfZFkHD$/PTauDp6Z0C3YkVsuRNOkjZ6Vg5FlMUUcpgguM1w3Gc=	\N	f	567230ec-d3c8-8c46-f12e-98cc321b985e	Yolan	yomog@gmail.com	client
13	pbkdf2_sha256$720000$lUbgn5b0HfGDbxHIGz6hVO$bM5WsY1PMbB8Aua16K9ASC7unTLI+IqlTuaZ65anj20=	\N	f	69f1b862-1df8-d30b-835a-01e6dd948877	Yola	yomoga@gmail.com	client
15	pbkdf2_sha256$720000$vNXxV61V4iouwqrK1EkHen$oM7DhKsPYUuN553h6AFzBX/O4i67nDmZbrxi+BK5awc=	\N	f	4a067d1c-1ca5-5500-eeb2-1ca3fd9463b2	Yol	yomogan@gmail.com	client
17	pbkdf2_sha256$720000$ZgDDyDUnfoIHUSUoux3sAA$+5h/hTPDoTMuQSJvzKu/iKtl2WmiG/O5VnQ9MpRhqH0=	\N	f	41c2a04f-6669-f968-2813-47953c2bcdb0	Luis	luis@gmail.com	client
19	pbkdf2_sha256$720000$tudOS6Mjt4tdpaaCu333DU$SKgpOIxMr4n4lK++Ohht8se3pM2WnfqhCXsr92XUL9E=	\N	f	b06c868e-86c7-c248-71eb-8e0bc86beab4	Luisiño	luisinho@gmail.com	client
22	pbkdf2_sha256$720000$M0Iz0fBUYlCVuVy6MvMe9o$Hap3BXNDJvOFvdOIrxHBO5ttwp5rQcjbiwdqINraBBk=	\N	f	e086c498-9e53-5f37-86ea-6276e12cedfe	KevinSon	kevinson@gmail.com	client
23	pbkdf2_sha256$720000$YNqYZISQUjC7lG6XwsStcp$WGnMoT6WoyB1gG4WUbSrFVmE0IANCuLsOm+p0N7PUbY=	\N	f	0cdc1c25-351f-5d22-1a25-01d9b586d7af	DavidSon	davidson@gmail.com	client
25	pbkdf2_sha256$720000$MMcA8ZgTqaAdCH2V2FY92V$yCjkyII4I8ue0MdXaIPpOsU6AyBUj5JJqDNCSVxUPwk=	\N	f	a6cbd396-8263-5efb-234c-386c836d03dc	DavidSon1	davidson1@gmail.com	client
27	pbkdf2_sha256$720000$vBVHfSsoUzTvDXgyKr4hLo$mzugKBbEf3NBY9irQXED5mqJ7pr3fCwYqi5wAw1xkvE=	\N	f	70eed108-f887-17bb-fe7b-853ff333d64e	Johan1	johan1@gmail.com	client
28	pbkdf2_sha256$720000$fwYyQafkv2yVx6HZOhg2hr$7HAqsS8iDV7p3IOpj4w1H7tw8GotD00VmxXfL1aLCtk=	\N	f	8ffdaedb-22fb-e42f-6745-c6e62873efaf	David1	davidmpenades@gmail.com	client
30	pbkdf2_sha256$720000$YPrDyIjiaURqpNoOMFBbc5$1SeQRZoq6Y3Lxkzwm18qyojXbcE/DMr0s01C4T+5AiA=	\N	f	94cd5597-cf04-95f3-c017-417aa51dee95	David2	davidm@gmail.com	client
38	pbkdf2_sha256$720000$razvrgUQNQ318Fk8Cyl0uZ$6U8XE3saNdnA61qMPiDBFasn37AbqlwfOoil5KK16lg=	\N	f	d10263f1-57ad-c82a-fa7a-1a8b6961aa42	David6	david6@gmail.com	client
40	pbkdf2_sha256$720000$wIh0aOR6SbjguObrZE8Slz$Tvxrx7LmioFcrVOdQqFMDCAT/Xbds7j5c50jRZ4FDkE=	\N	f	98fb5524-3b64-24e3-38dc-101f1a58f06b	Johan3	johan3@gmail.com	client
41	pbkdf2_sha256$720000$0LYv4jtVTPmY7wF4HgD3Kw$IcaI+2WS5RlbjEJC9Ug3gYy8h4O/rxn45mUYMH0F7nY=	\N	f	51fab817-b2b7-ab3a-2d69-759daaaa3f7a	Johan4	johan4@gmail.com	client
42	pbkdf2_sha256$720000$NL8xnbaWKup9rSGf3LegH4$IOVYCZnKHhNGbgwad+urrwpcRMM5ypm/Ct3WKQ47In4=	\N	f	5a0d839c-7c72-9ae6-caae-2bfdcd57bd44	Miguel2	miguel2@gmail.com	client
43	pbkdf2_sha256$720000$3RGKrcr8JZeWBAaO2164T4$QUit9FmMU23P4b0Osa8Xk//d6GcgXKaK0XBHakp3k0g=	\N	f	de65f6e0-30b1-ad76-b68d-e415870fca46	Joan	joan@gmail.com	client
44	pbkdf2_sha256$720000$8SdTzw7h7izNbIpZzDUUIh$rfYvtv7+oPzfemOdmrAuvo4kEY27U8mXlRQRwbOPWuI=	\N	f	0e18c6f6-9e06-8b58-e219-d37bdb2d2a67	Joan1	joan1@gmail.com	client
45	pbkdf2_sha256$720000$eUtGMRJJxEqtS4ccDlfS41$l7svZW3vFMCPhAZDpdseyNcFYWAFgO9PvGjsJO7gLv4=	\N	f	fa820adc-2029-76be-3343-8d4aeb213494	Johan5	johan5@gmail.com	client
46	pbkdf2_sha256$720000$hCw30qrm6tAhnBfXsRvwJ4$PWFLJ8zSVPeVbETR13TIehjIQJLBTqOboNlAMNtio+o=	\N	f	505cd8bd-85e1-7c7c-0e36-d3f4eb8ff22f	Miguel3	miguel3@gmail.com	client
47	pbkdf2_sha256$720000$S2q6XyxU2ecJ2M8uaoDnAZ$0ysvODcvvT2ozEResrlgp1rlY3Ms6YAlJMFIkkT6D88=	\N	f	fdea4e5b-50bc-06f7-480c-b56b6dd8468b	Miguel4	miguel4@gmial.com	client
48	pbkdf2_sha256$720000$iNc4yPpItKgzGuqACPzQXT$PpGUToFYoWxW48471ODheCdfyeg7fPr3A2KFKGY4juc=	\N	f	2034359c-f0bc-7c0e-2685-39d020314170	Miguel5	miguel5@gmial.com	client
49	pbkdf2_sha256$720000$q2cPofJLK3tmotrOAZj6Qb$7jmm9AjOqvwPMD+42ZglxbJY9Vm0Cp7MmYQzxVeo8Kg=	\N	f	d857ba07-3d1c-d8c0-e98f-a843b524b915	Kevin1	kevin1@gmial.com	client
50	pbkdf2_sha256$720000$zYiHSvV7BfMwyIgKKO0258$+BL/yt1d/lXwKW0joOcHER+yUHzprJhxI8Y+GdrbRcQ=	\N	f	c75bf402-708a-5c59-1efa-c1c9b370efaa	Kevin2	kevin2@gmail.com	client
51	pbkdf2_sha256$720000$Uannr8bveZYhNDYFOXPRdl$x339Z+kedYI2FHDjay61ldbjH8u1izPDxlWHUrWnkfk=	\N	f	8ca2ccd1-c9f7-81b4-3b96-63ec6e90d4fb	Guillem1	guille@gmil.com	client
52	pbkdf2_sha256$720000$QrkedqmTkxJscjciKyEY5s$otqZdf5nSsQaItrziDXCG9ouGWGQYZBYZ0PI2Qr3nNU=	\N	f	3866c3c5-a0e7-04cd-0744-1f1b4ed2789a	yo	yo@gmail.com	client
\.


--
-- Data for Name: users_users_groups; Type: TABLE DATA; Schema: public; Owner: david
--

COPY public.users_users_groups (id, users_id, group_id) FROM stdin;
\.


--
-- Data for Name: users_users_user_permissions; Type: TABLE DATA; Schema: public; Owner: david
--

COPY public.users_users_user_permissions (id, users_id, permission_id) FROM stdin;
\.


--
-- Name: auth_group_id_seq; Type: SEQUENCE SET; Schema: public; Owner: david
--

SELECT pg_catalog.setval('public.auth_group_id_seq', 1, false);


--
-- Name: auth_group_permissions_id_seq; Type: SEQUENCE SET; Schema: public; Owner: david
--

SELECT pg_catalog.setval('public.auth_group_permissions_id_seq', 1, false);


--
-- Name: auth_permission_id_seq; Type: SEQUENCE SET; Schema: public; Owner: david
--

SELECT pg_catalog.setval('public.auth_permission_id_seq', 74, true);


--
-- Name: bikes_bikes_id_seq; Type: SEQUENCE SET; Schema: public; Owner: david
--

SELECT pg_catalog.setval('public.bikes_bikes_id_seq', 1, false);


--
-- Name: django_admin_log_id_seq; Type: SEQUENCE SET; Schema: public; Owner: david
--

SELECT pg_catalog.setval('public.django_admin_log_id_seq', 1, false);


--
-- Name: django_content_type_id_seq; Type: SEQUENCE SET; Schema: public; Owner: david
--

SELECT pg_catalog.setval('public.django_content_type_id_seq', 35, true);


--
-- Name: django_migrations_id_seq; Type: SEQUENCE SET; Schema: public; Owner: david
--

SELECT pg_catalog.setval('public.django_migrations_id_seq', 35, true);


--
-- Name: incidents_incidenceslot_id_seq; Type: SEQUENCE SET; Schema: public; Owner: david
--

SELECT pg_catalog.setval('public.incidents_incidenceslot_id_seq', 1, true);


--
-- Name: incidents_notification_id_seq; Type: SEQUENCE SET; Schema: public; Owner: david
--

SELECT pg_catalog.setval('public.incidents_notification_id_seq', 1, true);


--
-- Name: rent_rent_id_seq; Type: SEQUENCE SET; Schema: public; Owner: david
--

SELECT pg_catalog.setval('public.rent_rent_id_seq', 1, false);


--
-- Name: slots_slots_id_seq; Type: SEQUENCE SET; Schema: public; Owner: david
--

SELECT pg_catalog.setval('public.slots_slots_id_seq', 1, false);


--
-- Name: stations_stations_id_seq; Type: SEQUENCE SET; Schema: public; Owner: david
--

SELECT pg_catalog.setval('public.stations_stations_id_seq', 1, false);


--
-- Name: users_profile_id_seq; Type: SEQUENCE SET; Schema: public; Owner: david
--

SELECT pg_catalog.setval('public.users_profile_id_seq', 1, false);


--
-- Name: users_users_groups_id_seq; Type: SEQUENCE SET; Schema: public; Owner: david
--

SELECT pg_catalog.setval('public.users_users_groups_id_seq', 1, false);


--
-- Name: users_users_id_seq; Type: SEQUENCE SET; Schema: public; Owner: david
--

SELECT pg_catalog.setval('public.users_users_id_seq', 1, true);


--
-- Name: users_users_user_permissions_id_seq; Type: SEQUENCE SET; Schema: public; Owner: david
--

SELECT pg_catalog.setval('public.users_users_user_permissions_id_seq', 1, false);


--
-- Name: auth_group auth_group_name_key; Type: CONSTRAINT; Schema: public; Owner: david
--

ALTER TABLE ONLY public.auth_group
    ADD CONSTRAINT auth_group_name_key UNIQUE (name);


--
-- Name: auth_group_permissions auth_group_permissions_group_id_permission_id_0cd325b0_uniq; Type: CONSTRAINT; Schema: public; Owner: david
--

ALTER TABLE ONLY public.auth_group_permissions
    ADD CONSTRAINT auth_group_permissions_group_id_permission_id_0cd325b0_uniq UNIQUE (group_id, permission_id);


--
-- Name: auth_group_permissions auth_group_permissions_pkey; Type: CONSTRAINT; Schema: public; Owner: david
--

ALTER TABLE ONLY public.auth_group_permissions
    ADD CONSTRAINT auth_group_permissions_pkey PRIMARY KEY (id);


--
-- Name: auth_group auth_group_pkey; Type: CONSTRAINT; Schema: public; Owner: david
--

ALTER TABLE ONLY public.auth_group
    ADD CONSTRAINT auth_group_pkey PRIMARY KEY (id);


--
-- Name: auth_permission auth_permission_content_type_id_codename_01ab375a_uniq; Type: CONSTRAINT; Schema: public; Owner: david
--

ALTER TABLE ONLY public.auth_permission
    ADD CONSTRAINT auth_permission_content_type_id_codename_01ab375a_uniq UNIQUE (content_type_id, codename);


--
-- Name: auth_permission auth_permission_pkey; Type: CONSTRAINT; Schema: public; Owner: david
--

ALTER TABLE ONLY public.auth_permission
    ADD CONSTRAINT auth_permission_pkey PRIMARY KEY (id);


--
-- Name: bikes_bikes bikes_bikes_pkey; Type: CONSTRAINT; Schema: public; Owner: david
--

ALTER TABLE ONLY public.bikes_bikes
    ADD CONSTRAINT bikes_bikes_pkey PRIMARY KEY (id);


--
-- Name: bikes_bikes bikes_bikes_slug_key; Type: CONSTRAINT; Schema: public; Owner: david
--

ALTER TABLE ONLY public.bikes_bikes
    ADD CONSTRAINT bikes_bikes_slug_key UNIQUE (slug);


--
-- Name: django_admin_log django_admin_log_pkey; Type: CONSTRAINT; Schema: public; Owner: david
--

ALTER TABLE ONLY public.django_admin_log
    ADD CONSTRAINT django_admin_log_pkey PRIMARY KEY (id);


--
-- Name: django_content_type django_content_type_app_label_model_76bd3d3b_uniq; Type: CONSTRAINT; Schema: public; Owner: david
--

ALTER TABLE ONLY public.django_content_type
    ADD CONSTRAINT django_content_type_app_label_model_76bd3d3b_uniq UNIQUE (app_label, model);


--
-- Name: django_content_type django_content_type_pkey; Type: CONSTRAINT; Schema: public; Owner: david
--

ALTER TABLE ONLY public.django_content_type
    ADD CONSTRAINT django_content_type_pkey PRIMARY KEY (id);


--
-- Name: django_migrations django_migrations_pkey; Type: CONSTRAINT; Schema: public; Owner: david
--

ALTER TABLE ONLY public.django_migrations
    ADD CONSTRAINT django_migrations_pkey PRIMARY KEY (id);


--
-- Name: django_session django_session_pkey; Type: CONSTRAINT; Schema: public; Owner: david
--

ALTER TABLE ONLY public.django_session
    ADD CONSTRAINT django_session_pkey PRIMARY KEY (session_key);


--
-- Name: incidents_incidenceslot incidents_incidenceslot_pkey; Type: CONSTRAINT; Schema: public; Owner: david
--

ALTER TABLE ONLY public.incidents_incidenceslot
    ADD CONSTRAINT incidents_incidenceslot_pkey PRIMARY KEY (id);


--
-- Name: incidents_notification incidents_notification_pkey; Type: CONSTRAINT; Schema: public; Owner: david
--

ALTER TABLE ONLY public.incidents_notification
    ADD CONSTRAINT incidents_notification_pkey PRIMARY KEY (id);


--
-- Name: rent_rent rent_rent_pkey; Type: CONSTRAINT; Schema: public; Owner: david
--

ALTER TABLE ONLY public.rent_rent
    ADD CONSTRAINT rent_rent_pkey PRIMARY KEY (id);


--
-- Name: slots_slots slots_slots_bike_id_key; Type: CONSTRAINT; Schema: public; Owner: david
--

ALTER TABLE ONLY public.slots_slots
    ADD CONSTRAINT slots_slots_bike_id_key UNIQUE (bike_id);


--
-- Name: slots_slots slots_slots_pkey; Type: CONSTRAINT; Schema: public; Owner: david
--

ALTER TABLE ONLY public.slots_slots
    ADD CONSTRAINT slots_slots_pkey PRIMARY KEY (id);


--
-- Name: stations_stations stations_stations_pkey; Type: CONSTRAINT; Schema: public; Owner: david
--

ALTER TABLE ONLY public.stations_stations
    ADD CONSTRAINT stations_stations_pkey PRIMARY KEY (id);


--
-- Name: stations_stations stations_stations_slug_key; Type: CONSTRAINT; Schema: public; Owner: david
--

ALTER TABLE ONLY public.stations_stations
    ADD CONSTRAINT stations_stations_slug_key UNIQUE (slug);


--
-- Name: users_profile users_profile_pkey; Type: CONSTRAINT; Schema: public; Owner: david
--

ALTER TABLE ONLY public.users_profile
    ADD CONSTRAINT users_profile_pkey PRIMARY KEY (id);


--
-- Name: users_users users_users_email_key; Type: CONSTRAINT; Schema: public; Owner: david
--

ALTER TABLE ONLY public.users_users
    ADD CONSTRAINT users_users_email_key UNIQUE (email);


--
-- Name: users_users_groups users_users_groups_pkey; Type: CONSTRAINT; Schema: public; Owner: david
--

ALTER TABLE ONLY public.users_users_groups
    ADD CONSTRAINT users_users_groups_pkey PRIMARY KEY (id);


--
-- Name: users_users_groups users_users_groups_users_id_group_id_02603a5e_uniq; Type: CONSTRAINT; Schema: public; Owner: david
--

ALTER TABLE ONLY public.users_users_groups
    ADD CONSTRAINT users_users_groups_users_id_group_id_02603a5e_uniq UNIQUE (users_id, group_id);


--
-- Name: users_users users_users_pkey; Type: CONSTRAINT; Schema: public; Owner: david
--

ALTER TABLE ONLY public.users_users
    ADD CONSTRAINT users_users_pkey PRIMARY KEY (id);


--
-- Name: users_users_user_permissions users_users_user_permiss_users_id_permission_id_119659d5_uniq; Type: CONSTRAINT; Schema: public; Owner: david
--

ALTER TABLE ONLY public.users_users_user_permissions
    ADD CONSTRAINT users_users_user_permiss_users_id_permission_id_119659d5_uniq UNIQUE (users_id, permission_id);


--
-- Name: users_users_user_permissions users_users_user_permissions_pkey; Type: CONSTRAINT; Schema: public; Owner: david
--

ALTER TABLE ONLY public.users_users_user_permissions
    ADD CONSTRAINT users_users_user_permissions_pkey PRIMARY KEY (id);


--
-- Name: users_users users_users_username_key; Type: CONSTRAINT; Schema: public; Owner: david
--

ALTER TABLE ONLY public.users_users
    ADD CONSTRAINT users_users_username_key UNIQUE (username);


--
-- Name: users_users users_users_uuid_key; Type: CONSTRAINT; Schema: public; Owner: david
--

ALTER TABLE ONLY public.users_users
    ADD CONSTRAINT users_users_uuid_key UNIQUE (uuid);


--
-- Name: auth_group_name_a6ea08ec_like; Type: INDEX; Schema: public; Owner: david
--

CREATE INDEX auth_group_name_a6ea08ec_like ON public.auth_group USING btree (name varchar_pattern_ops);


--
-- Name: auth_group_permissions_group_id_b120cbf9; Type: INDEX; Schema: public; Owner: david
--

CREATE INDEX auth_group_permissions_group_id_b120cbf9 ON public.auth_group_permissions USING btree (group_id);


--
-- Name: auth_group_permissions_permission_id_84c5c92e; Type: INDEX; Schema: public; Owner: david
--

CREATE INDEX auth_group_permissions_permission_id_84c5c92e ON public.auth_group_permissions USING btree (permission_id);


--
-- Name: auth_permission_content_type_id_2f476e4b; Type: INDEX; Schema: public; Owner: david
--

CREATE INDEX auth_permission_content_type_id_2f476e4b ON public.auth_permission USING btree (content_type_id);


--
-- Name: bikes_bikes_slug_cc014c73_like; Type: INDEX; Schema: public; Owner: david
--

CREATE INDEX bikes_bikes_slug_cc014c73_like ON public.bikes_bikes USING btree (slug varchar_pattern_ops);


--
-- Name: django_admin_log_content_type_id_c4bce8eb; Type: INDEX; Schema: public; Owner: david
--

CREATE INDEX django_admin_log_content_type_id_c4bce8eb ON public.django_admin_log USING btree (content_type_id);


--
-- Name: django_admin_log_user_id_c564eba6; Type: INDEX; Schema: public; Owner: david
--

CREATE INDEX django_admin_log_user_id_c564eba6 ON public.django_admin_log USING btree (user_id);


--
-- Name: django_session_expire_date_a5c62663; Type: INDEX; Schema: public; Owner: david
--

CREATE INDEX django_session_expire_date_a5c62663 ON public.django_session USING btree (expire_date);


--
-- Name: django_session_session_key_c0390e0f_like; Type: INDEX; Schema: public; Owner: david
--

CREATE INDEX django_session_session_key_c0390e0f_like ON public.django_session USING btree (session_key varchar_pattern_ops);


--
-- Name: incidents_incidenceslot_slot_id_04331493; Type: INDEX; Schema: public; Owner: david
--

CREATE INDEX incidents_incidenceslot_slot_id_04331493 ON public.incidents_incidenceslot USING btree (slot_id);


--
-- Name: incidents_incidenceslot_user_id_1eca5a1f; Type: INDEX; Schema: public; Owner: david
--

CREATE INDEX incidents_incidenceslot_user_id_1eca5a1f ON public.incidents_incidenceslot USING btree (user_id);


--
-- Name: incidents_notification_user_id_640b50dc; Type: INDEX; Schema: public; Owner: david
--

CREATE INDEX incidents_notification_user_id_640b50dc ON public.incidents_notification USING btree (user_id);


--
-- Name: rent_rent_bike_id_4ecb3af0; Type: INDEX; Schema: public; Owner: david
--

CREATE INDEX rent_rent_bike_id_4ecb3af0 ON public.rent_rent USING btree (bike_id);


--
-- Name: rent_rent_end_slot_id_e6928abe; Type: INDEX; Schema: public; Owner: david
--

CREATE INDEX rent_rent_end_slot_id_e6928abe ON public.rent_rent USING btree (end_slot_id);


--
-- Name: rent_rent_initial_slot_id_3ce95d48; Type: INDEX; Schema: public; Owner: david
--

CREATE INDEX rent_rent_initial_slot_id_3ce95d48 ON public.rent_rent USING btree (initial_slot_id);


--
-- Name: rent_rent_user_id_07f92b1b; Type: INDEX; Schema: public; Owner: david
--

CREATE INDEX rent_rent_user_id_07f92b1b ON public.rent_rent USING btree (user_id);


--
-- Name: slots_slots_station_id_f2afd492; Type: INDEX; Schema: public; Owner: david
--

CREATE INDEX slots_slots_station_id_f2afd492 ON public.slots_slots USING btree (station_id);


--
-- Name: stations_stations_slug_50cebde1_like; Type: INDEX; Schema: public; Owner: david
--

CREATE INDEX stations_stations_slug_50cebde1_like ON public.stations_stations USING btree (slug varchar_pattern_ops);


--
-- Name: users_profile_user_id_2112e78d; Type: INDEX; Schema: public; Owner: david
--

CREATE INDEX users_profile_user_id_2112e78d ON public.users_profile USING btree (user_id);


--
-- Name: users_users_email_3f54f4c5_like; Type: INDEX; Schema: public; Owner: david
--

CREATE INDEX users_users_email_3f54f4c5_like ON public.users_users USING btree (email varchar_pattern_ops);


--
-- Name: users_users_groups_group_id_3e15ff0f; Type: INDEX; Schema: public; Owner: david
--

CREATE INDEX users_users_groups_group_id_3e15ff0f ON public.users_users_groups USING btree (group_id);


--
-- Name: users_users_groups_users_id_5572cf36; Type: INDEX; Schema: public; Owner: david
--

CREATE INDEX users_users_groups_users_id_5572cf36 ON public.users_users_groups USING btree (users_id);


--
-- Name: users_users_user_permissions_permission_id_9a117d64; Type: INDEX; Schema: public; Owner: david
--

CREATE INDEX users_users_user_permissions_permission_id_9a117d64 ON public.users_users_user_permissions USING btree (permission_id);


--
-- Name: users_users_user_permissions_users_id_04010ba6; Type: INDEX; Schema: public; Owner: david
--

CREATE INDEX users_users_user_permissions_users_id_04010ba6 ON public.users_users_user_permissions USING btree (users_id);


--
-- Name: users_users_username_9113b4c1_like; Type: INDEX; Schema: public; Owner: david
--

CREATE INDEX users_users_username_9113b4c1_like ON public.users_users USING btree (username varchar_pattern_ops);


--
-- Name: users_users_uuid_1a668d96_like; Type: INDEX; Schema: public; Owner: david
--

CREATE INDEX users_users_uuid_1a668d96_like ON public.users_users USING btree (uuid varchar_pattern_ops);


--
-- Name: auth_group_permissions auth_group_permissio_permission_id_84c5c92e_fk_auth_perm; Type: FK CONSTRAINT; Schema: public; Owner: david
--

ALTER TABLE ONLY public.auth_group_permissions
    ADD CONSTRAINT auth_group_permissio_permission_id_84c5c92e_fk_auth_perm FOREIGN KEY (permission_id) REFERENCES public.auth_permission(id) DEFERRABLE INITIALLY DEFERRED;


--
-- Name: auth_group_permissions auth_group_permissions_group_id_b120cbf9_fk_auth_group_id; Type: FK CONSTRAINT; Schema: public; Owner: david
--

ALTER TABLE ONLY public.auth_group_permissions
    ADD CONSTRAINT auth_group_permissions_group_id_b120cbf9_fk_auth_group_id FOREIGN KEY (group_id) REFERENCES public.auth_group(id) DEFERRABLE INITIALLY DEFERRED;


--
-- Name: auth_permission auth_permission_content_type_id_2f476e4b_fk_django_co; Type: FK CONSTRAINT; Schema: public; Owner: david
--

ALTER TABLE ONLY public.auth_permission
    ADD CONSTRAINT auth_permission_content_type_id_2f476e4b_fk_django_co FOREIGN KEY (content_type_id) REFERENCES public.django_content_type(id) DEFERRABLE INITIALLY DEFERRED;


--
-- Name: django_admin_log django_admin_log_content_type_id_c4bce8eb_fk_django_co; Type: FK CONSTRAINT; Schema: public; Owner: david
--

ALTER TABLE ONLY public.django_admin_log
    ADD CONSTRAINT django_admin_log_content_type_id_c4bce8eb_fk_django_co FOREIGN KEY (content_type_id) REFERENCES public.django_content_type(id) DEFERRABLE INITIALLY DEFERRED;


--
-- Name: django_admin_log django_admin_log_user_id_c564eba6_fk_users_users_id; Type: FK CONSTRAINT; Schema: public; Owner: david
--

ALTER TABLE ONLY public.django_admin_log
    ADD CONSTRAINT django_admin_log_user_id_c564eba6_fk_users_users_id FOREIGN KEY (user_id) REFERENCES public.users_users(id) DEFERRABLE INITIALLY DEFERRED;


--
-- Name: incidents_incidenceslot incidents_incidenceslot_slot_id_04331493_fk_slots_slots_id; Type: FK CONSTRAINT; Schema: public; Owner: david
--

ALTER TABLE ONLY public.incidents_incidenceslot
    ADD CONSTRAINT incidents_incidenceslot_slot_id_04331493_fk_slots_slots_id FOREIGN KEY (slot_id) REFERENCES public.slots_slots(id) DEFERRABLE INITIALLY DEFERRED;


--
-- Name: incidents_incidenceslot incidents_incidenceslot_user_id_1eca5a1f_fk_users_users_id; Type: FK CONSTRAINT; Schema: public; Owner: david
--

ALTER TABLE ONLY public.incidents_incidenceslot
    ADD CONSTRAINT incidents_incidenceslot_user_id_1eca5a1f_fk_users_users_id FOREIGN KEY (user_id) REFERENCES public.users_users(id) DEFERRABLE INITIALLY DEFERRED;


--
-- Name: incidents_notification incidents_notification_user_id_640b50dc_fk_users_users_id; Type: FK CONSTRAINT; Schema: public; Owner: david
--

ALTER TABLE ONLY public.incidents_notification
    ADD CONSTRAINT incidents_notification_user_id_640b50dc_fk_users_users_id FOREIGN KEY (user_id) REFERENCES public.users_users(id) DEFERRABLE INITIALLY DEFERRED;


--
-- Name: rent_rent rent_rent_bike_id_4ecb3af0_fk_bikes_bikes_id; Type: FK CONSTRAINT; Schema: public; Owner: david
--

ALTER TABLE ONLY public.rent_rent
    ADD CONSTRAINT rent_rent_bike_id_4ecb3af0_fk_bikes_bikes_id FOREIGN KEY (bike_id) REFERENCES public.bikes_bikes(id) DEFERRABLE INITIALLY DEFERRED;


--
-- Name: rent_rent rent_rent_end_slot_id_e6928abe_fk_slots_slots_id; Type: FK CONSTRAINT; Schema: public; Owner: david
--

ALTER TABLE ONLY public.rent_rent
    ADD CONSTRAINT rent_rent_end_slot_id_e6928abe_fk_slots_slots_id FOREIGN KEY (end_slot_id) REFERENCES public.slots_slots(id) DEFERRABLE INITIALLY DEFERRED;


--
-- Name: rent_rent rent_rent_initial_slot_id_3ce95d48_fk_slots_slots_id; Type: FK CONSTRAINT; Schema: public; Owner: david
--

ALTER TABLE ONLY public.rent_rent
    ADD CONSTRAINT rent_rent_initial_slot_id_3ce95d48_fk_slots_slots_id FOREIGN KEY (initial_slot_id) REFERENCES public.slots_slots(id) DEFERRABLE INITIALLY DEFERRED;


--
-- Name: rent_rent rent_rent_user_id_07f92b1b_fk_users_users_id; Type: FK CONSTRAINT; Schema: public; Owner: david
--

ALTER TABLE ONLY public.rent_rent
    ADD CONSTRAINT rent_rent_user_id_07f92b1b_fk_users_users_id FOREIGN KEY (user_id) REFERENCES public.users_users(id) DEFERRABLE INITIALLY DEFERRED;


--
-- Name: slots_slots slots_slots_bike_id_03ede5c8_fk_bikes_bikes_id; Type: FK CONSTRAINT; Schema: public; Owner: david
--

ALTER TABLE ONLY public.slots_slots
    ADD CONSTRAINT slots_slots_bike_id_03ede5c8_fk_bikes_bikes_id FOREIGN KEY (bike_id) REFERENCES public.bikes_bikes(id) DEFERRABLE INITIALLY DEFERRED;


--
-- PostgreSQL database dump complete
--

